Country,Crop
Afghanistan,Apples
Afghanistan,Barley
Afghanistan,Cereals (Rice Milled Eqv)
Afghanistan,Grapes
Afghanistan,Maize
Afghanistan,Oranges
Afghanistan,Potatoes
Afghanistan,"Rice, paddy"
Afghanistan,Sesame seed
Afghanistan,Sugar beet
Afghanistan,Sugar cane
Afghanistan,Sunflower seed
Afghanistan,Wheat
Albania,Apples
Albania,Barley
Albania,"Beans, dry"
Albania,Cereals (Rice Milled Eqv)
Albania,Grapes
Albania,Maize
Albania,Oranges
Albania,Potatoes
Albania,"Rice, paddy"
Albania,Rye
Albania,Soybeans
Albania,Sugar beet
Albania,Sunflower seed
Albania,"Tobacco, unmanufactured"
Albania,Tomatoes
Albania,Wheat
Algeria,Apples
Algeria,Bananas
Algeria,Barley
Algeria,"Beans, dry"
Algeria,Cereals (Rice Milled Eqv)
Algeria,Grapes
Algeria,Maize
Algeria,Oranges
Algeria,"Peas, dry"
Algeria,Potatoes
Algeria,Rapeseed
Algeria,"Rice, paddy"
Algeria,Sugar beet
Algeria,Sunflower seed
Algeria,"Tobacco, unmanufactured"
Algeria,Tomatoes
Algeria,Wheat
American Samoa,Bananas
American Samoa,Cassava
American Samoa,"Cocoa, beans"
American Samoa,Sugar cane
American Samoa,"Tobacco, unmanufactured"
American Samoa,Tomatoes
American Samoa,Yams
Angola,Bananas
Angola,"Beans, dry"
Angola,"Cashew nuts, with shell"
Angola,Cassava
Angola,Cereals (Rice Milled Eqv)
Angola,"Cocoa, beans"
Angola,"Coffee, green"
Angola,Maize
Angola,"Oil, palm"
Angola,Potatoes
Angola,"Rice, paddy"
Angola,Sesame seed
Angola,Soybeans
Angola,Sugar cane
Angola,Sunflower seed
Angola,Sweet potatoes
Angola,"Tobacco, unmanufactured"
Angola,Tomatoes
Angola,Wheat
Antigua and Barbuda,Bananas
Antigua and Barbuda,Cassava
Antigua and Barbuda,Cereals (Rice Milled Eqv)
Antigua and Barbuda,Maize
Antigua and Barbuda,Sugar cane
Antigua and Barbuda,Sweet potatoes
Antigua and Barbuda,Tomatoes
Antigua and Barbuda,Yams
Argentina,Apples
Argentina,Avocados
Argentina,Bananas
Argentina,Barley
Argentina,"Beans, dry"
Argentina,Cassava
Argentina,Cereals (Rice Milled Eqv)
Argentina,Grapes
Argentina,Maize
Argentina,Oranges
Argentina,"Peas, dry"
Argentina,Potatoes
Argentina,Rapeseed
Argentina,"Rice, paddy"
Argentina,Rye
Argentina,Soybeans
Argentina,Sugar cane
Argentina,Sunflower seed
Argentina,Sweet potatoes
Argentina,Tea
Argentina,"Tobacco, unmanufactured"
Argentina,Tomatoes
Argentina,Wheat
Armenia,Apples
Armenia,Barley
Armenia,"Beans, dry"
Armenia,Cereals (Rice Milled Eqv)
Armenia,Grapes
Armenia,Maize
Armenia,"Peas, dry"
Armenia,Potatoes
Armenia,Rye
Armenia,Sugar beet
Armenia,"Tobacco, unmanufactured"
Armenia,Tomatoes
Armenia,Wheat
Australia,Apples
Australia,Avocados
Australia,Bananas
Australia,Barley
Australia,"Beans, dry"
Australia,Cereals (Rice Milled Eqv)
Australia,Grapes
Australia,Maize
Australia,Oranges
Australia,"Peas, dry"
Australia,Potatoes
Australia,Rapeseed
Australia,"Rice, paddy"
Australia,Rye
Australia,Soybeans
Australia,Sugar cane
Australia,Sunflower seed
Australia,Sweet potatoes
Australia,"Tobacco, unmanufactured"
Australia,Tomatoes
Australia,Wheat
Austria,Apples
Austria,Barley
Austria,"Beans, dry"
Austria,Cereals (Rice Milled Eqv)
Austria,Grapes
Austria,Maize
Austria,"Peas, dry"
Austria,Potatoes
Austria,Rapeseed
Austria,Rye
Austria,Soybeans
Austria,Sugar beet
Austria,Sunflower seed
Austria,"Tobacco, unmanufactured"
Austria,Tomatoes
Austria,Wheat
Azerbaijan,Apples
Azerbaijan,Barley
Azerbaijan,"Beans, dry"
Azerbaijan,Cereals (Rice Milled Eqv)
Azerbaijan,Grapes
Azerbaijan,Maize
Azerbaijan,Oranges
Azerbaijan,"Peas, dry"
Azerbaijan,Potatoes
Azerbaijan,"Rice, paddy"
Azerbaijan,Rye
Azerbaijan,Soybeans
Azerbaijan,Sugar beet
Azerbaijan,Sunflower seed
Azerbaijan,Tea
Azerbaijan,"Tobacco, unmanufactured"
Azerbaijan,Tomatoes
Azerbaijan,Wheat
Bahrain,Bananas
Bahrain,Grapes
Bahrain,Potatoes
Bahrain,Sweet potatoes
Bahrain,Tomatoes
Bangladesh,Bananas
Bangladesh,Barley
Bangladesh,"Beans, dry"
Bangladesh,Cereals (Rice Milled Eqv)
Bangladesh,Maize
Bangladesh,Oranges
Bangladesh,"Peas, dry"
Bangladesh,Potatoes
Bangladesh,Rapeseed
Bangladesh,"Rice, paddy"
Bangladesh,Sesame seed
Bangladesh,Soybeans
Bangladesh,Sugar cane
Bangladesh,Sweet potatoes
Bangladesh,Tea
Bangladesh,"Tobacco, unmanufactured"
Bangladesh,Tomatoes
Bangladesh,Wheat
Barbados,Avocados
Barbados,Bananas
Barbados,"Beans, dry"
Barbados,Cassava
Barbados,Cereals (Rice Milled Eqv)
Barbados,Maize
Barbados,Sugar cane
Barbados,Sweet potatoes
Barbados,Tomatoes
Barbados,Yams
Belarus,Apples
Belarus,Barley
Belarus,"Beans, dry"
Belarus,Cereals (Rice Milled Eqv)
Belarus,Grapes
Belarus,Maize
Belarus,"Peas, dry"
Belarus,Potatoes
Belarus,Rapeseed
Belarus,Rye
Belarus,Sugar beet
Belarus,Sunflower seed
Belarus,Tomatoes
Belarus,Wheat
Belgium,Apples
Belgium,Barley
Belgium,"Beans, dry"
Belgium,Cereals (Rice Milled Eqv)
Belgium,Grapes
Belgium,Maize
Belgium,"Oil, palm"
Belgium,"Peas, dry"
Belgium,Potatoes
Belgium,Rapeseed
Belgium,Rye
Belgium,Sugar beet
Belgium,"Tobacco, unmanufactured"
Belgium,Tomatoes
Belgium,Wheat
Belize,Bananas
Belize,"Beans, dry"
Belize,"Cashew nuts, with shell"
Belize,Cassava
Belize,Cereals (Rice Milled Eqv)
Belize,"Cocoa, beans"
Belize,"Coffee, green"
Belize,Maize
Belize,Oranges
Belize,"Peas, dry"
Belize,Potatoes
Belize,"Rice, paddy"
Belize,Soybeans
Belize,Sugar cane
Belize,Sweet potatoes
Belize,Tomatoes
Belize,Yams
Benin,Bananas
Benin,"Beans, dry"
Benin,"Cashew nuts, with shell"
Benin,Cassava
Benin,Cereals (Rice Milled Eqv)
Benin,"Cocoa, beans"
Benin,"Coffee, green"
Benin,Maize
Benin,"Oil, palm"
Benin,Oranges
Benin,Potatoes
Benin,"Rice, paddy"
Benin,Sesame seed
Benin,Soybeans
Benin,Sugar cane
Benin,Sweet potatoes
Benin,"Tobacco, unmanufactured"
Benin,Tomatoes
Benin,Yams
Bermuda,Bananas
Bermuda,Potatoes
Bermuda,Sweet potatoes
Bermuda,Tomatoes
Bhutan,Apples
Bhutan,Bananas
Bhutan,Barley
Bhutan,"Beans, dry"
Bhutan,Cereals (Rice Milled Eqv)
Bhutan,Maize
Bhutan,Oranges
Bhutan,"Peas, dry"
Bhutan,Potatoes
Bhutan,"Rice, paddy"
Bhutan,Soybeans
Bhutan,Sugar cane
Bhutan,Sunflower seed
Bhutan,Sweet potatoes
Bhutan,"Tobacco, unmanufactured"
Bhutan,Tomatoes
Bhutan,Wheat
Bolivia,Apples
Bolivia,Avocados
Bolivia,Bananas
Bolivia,Barley
Bolivia,"Beans, dry"
Bolivia,Cassava
Bolivia,Cereals (Rice Milled Eqv)
Bolivia,"Cocoa, beans"
Bolivia,"Coffee, green"
Bolivia,Grapes
Bolivia,Maize
Bolivia,Oranges
Bolivia,"Peas, dry"
Bolivia,Potatoes
Bolivia,"Rice, paddy"
Bolivia,Rye
Bolivia,Sesame seed
Bolivia,Soybeans
Bolivia,Sugar cane
Bolivia,Sunflower seed
Bolivia,Sweet potatoes
Bolivia,Tea
Bolivia,"Tobacco, unmanufactured"
Bolivia,Tomatoes
Bolivia,Wheat
Bosnia and Herzegovina,Apples
Bosnia and Herzegovina,Avocados
Bosnia and Herzegovina,Barley
Bosnia and Herzegovina,"Beans, dry"
Bosnia and Herzegovina,Cereals (Rice Milled Eqv)
Bosnia and Herzegovina,Grapes
Bosnia and Herzegovina,Maize
Bosnia and Herzegovina,Oranges
Bosnia and Herzegovina,"Peas, dry"
Bosnia and Herzegovina,Potatoes
Bosnia and Herzegovina,Rapeseed
Bosnia and Herzegovina,Rye
Bosnia and Herzegovina,Soybeans
Bosnia and Herzegovina,Sugar beet
Bosnia and Herzegovina,Sunflower seed
Bosnia and Herzegovina,"Tobacco, unmanufactured"
Bosnia and Herzegovina,Tomatoes
Bosnia and Herzegovina,Wheat
Botswana,Cereals (Rice Milled Eqv)
Botswana,Maize
Botswana,Oranges
Botswana,Sunflower seed
Botswana,Tomatoes
Botswana,Wheat
Brazil,Apples
Brazil,Avocados
Brazil,Bananas
Brazil,Barley
Brazil,"Beans, dry"
Brazil,"Cashew nuts, with shell"
Brazil,Cassava
Brazil,Cereals (Rice Milled Eqv)
Brazil,"Cocoa, beans"
Brazil,"Coffee, green"
Brazil,Grapes
Brazil,Maize
Brazil,"Oil, palm"
Brazil,Oranges
Brazil,"Peas, dry"
Brazil,Potatoes
Brazil,Rapeseed
Brazil,"Rice, paddy"
Brazil,Rye
Brazil,Sesame seed
Brazil,Soybeans
Brazil,Sugar cane
Brazil,Sunflower seed
Brazil,Sweet potatoes
Brazil,Tea
Brazil,"Tobacco, unmanufactured"
Brazil,Tomatoes
Brazil,Wheat
Brazil,Yams
British Virgin Islands,Bananas
Bulgaria,Apples
Bulgaria,Barley
Bulgaria,"Beans, dry"
Bulgaria,Cereals (Rice Milled Eqv)
Bulgaria,Grapes
Bulgaria,Maize
Bulgaria,"Peas, dry"
Bulgaria,Potatoes
Bulgaria,Rapeseed
Bulgaria,"Rice, paddy"
Bulgaria,Rye
Bulgaria,Sesame seed
Bulgaria,Soybeans
Bulgaria,Sugar beet
Bulgaria,Sunflower seed
Bulgaria,"Tobacco, unmanufactured"
Bulgaria,Tomatoes
Bulgaria,Wheat
Burkina Faso,"Cashew nuts, with shell"
Burkina Faso,Cassava
Burkina Faso,Cereals (Rice Milled Eqv)
Burkina Faso,Maize
Burkina Faso,Oranges
Burkina Faso,Potatoes
Burkina Faso,"Rice, paddy"
Burkina Faso,Sesame seed
Burkina Faso,Soybeans
Burkina Faso,Sugar cane
Burkina Faso,Sweet potatoes
Burkina Faso,"Tobacco, unmanufactured"
Burkina Faso,Tomatoes
Burkina Faso,Yams
Burundi,Bananas
Burundi,"Beans, dry"
Burundi,Cassava
Burundi,Cereals (Rice Milled Eqv)
Burundi,"Coffee, green"
Burundi,Maize
Burundi,"Oil, palm"
Burundi,"Peas, dry"
Burundi,Potatoes
Burundi,"Rice, paddy"
Burundi,Soybeans
Burundi,Sugar cane
Burundi,Sweet potatoes
Burundi,Tea
Burundi,"Tobacco, unmanufactured"
Burundi,Wheat
Burundi,Yams
Cambodia,Bananas
Cambodia,"Beans, dry"
Cambodia,Cassava
Cambodia,Cereals (Rice Milled Eqv)
Cambodia,"Coffee, green"
Cambodia,Maize
Cambodia,"Oil, palm"
Cambodia,Oranges
Cambodia,"Rice, paddy"
Cambodia,Sesame seed
Cambodia,Soybeans
Cambodia,Sugar cane
Cambodia,Sweet potatoes
Cambodia,"Tobacco, unmanufactured"
Cameroon,Avocados
Cameroon,Bananas
Cameroon,"Beans, dry"
Cameroon,Cassava
Cameroon,Cereals (Rice Milled Eqv)
Cameroon,"Cocoa, beans"
Cameroon,"Coffee, green"
Cameroon,Maize
Cameroon,"Oil, palm"
Cameroon,Potatoes
Cameroon,"Rice, paddy"
Cameroon,Sesame seed
Cameroon,Soybeans
Cameroon,Sugar cane
Cameroon,Sweet potatoes
Cameroon,Tea
Cameroon,"Tobacco, unmanufactured"
Cameroon,Tomatoes
Cameroon,Wheat
Cameroon,Yams
Canada,Apples
Canada,Barley
Canada,"Beans, dry"
Canada,Cereals (Rice Milled Eqv)
Canada,Grapes
Canada,Maize
Canada,"Peas, dry"
Canada,Potatoes
Canada,Rapeseed
Canada,Rye
Canada,Soybeans
Canada,Sugar beet
Canada,Sunflower seed
Canada,"Tobacco, unmanufactured"
Canada,Tomatoes
Canada,Wheat
Cayman Islands,Avocados
Cayman Islands,Bananas
Cayman Islands,Cassava
Cayman Islands,Sweet potatoes
Cayman Islands,Tomatoes
Cayman Islands,Yams
Central African Republic,Avocados
Central African Republic,Bananas
Central African Republic,Cassava
Central African Republic,Cereals (Rice Milled Eqv)
Central African Republic,"Cocoa, beans"
Central African Republic,"Coffee, green"
Central African Republic,Maize
Central African Republic,"Oil, palm"
Central African Republic,Oranges
Central African Republic,Potatoes
Central African Republic,"Rice, paddy"
Central African Republic,Sesame seed
Central African Republic,Sugar cane
Central African Republic,"Tobacco, unmanufactured"
Central African Republic,Yams
Chad,"Beans, dry"
Chad,Cassava
Chad,Cereals (Rice Milled Eqv)
Chad,Maize
Chad,Potatoes
Chad,"Rice, paddy"
Chad,Sesame seed
Chad,Sugar cane
Chad,Sweet potatoes
Chad,"Tobacco, unmanufactured"
Chad,Wheat
Chad,Yams
Chile,Apples
Chile,Avocados
Chile,Barley
Chile,"Beans, dry"
Chile,Cereals (Rice Milled Eqv)
Chile,Grapes
Chile,Maize
Chile,Oranges
Chile,"Peas, dry"
Chile,Potatoes
Chile,Rapeseed
Chile,"Rice, paddy"
Chile,Rye
Chile,Sugar beet
Chile,Sunflower seed
Chile,Sweet potatoes
Chile,"Tobacco, unmanufactured"
Chile,Tomatoes
Chile,Wheat
China,Apples
China,Avocados
China,Bananas
China,Barley
China,"Beans, dry"
China,"Cashew nuts, with shell"
China,Cassava
China,Cereals (Rice Milled Eqv)
China,"Coffee, green"
China,Grapes
China,Maize
China,"Oil, palm"
China,Oranges
China,"Peas, dry"
China,Potatoes
China,Rapeseed
China,"Rice, paddy"
China,Rye
China,Sesame seed
China,Soybeans
China,Sugar beet
China,Sugar cane
China,Sunflower seed
China,Sweet potatoes
China,Tea
China,"Tobacco, unmanufactured"
China,Tomatoes
China,Wheat
Colombia,Apples
Colombia,Avocados
Colombia,Bananas
Colombia,Barley
Colombia,"Beans, dry"
Colombia,"Cashew nuts, with shell"
Colombia,Cassava
Colombia,Cereals (Rice Milled Eqv)
Colombia,"Cocoa, beans"
Colombia,"Coffee, green"
Colombia,Grapes
Colombia,Maize
Colombia,"Oil, palm"
Colombia,Oranges
Colombia,"Peas, dry"
Colombia,Potatoes
Colombia,Rapeseed
Colombia,"Rice, paddy"
Colombia,Sesame seed
Colombia,Soybeans
Colombia,Sugar beet
Colombia,Sugar cane
Colombia,Sunflower seed
Colombia,Tea
Colombia,"Tobacco, unmanufactured"
Colombia,Tomatoes
Colombia,Wheat
Colombia,Yams
Comoros,Bananas
Comoros,Cassava
Comoros,Cereals (Rice Milled Eqv)
Comoros,"Cocoa, beans"
Comoros,"Coffee, green"
Comoros,Maize
Comoros,Potatoes
Comoros,"Rice, paddy"
Comoros,Sweet potatoes
Comoros,Tomatoes
Comoros,Yams
Costa Rica,Avocados
Costa Rica,Bananas
Costa Rica,"Beans, dry"
Costa Rica,Cassava
Costa Rica,Cereals (Rice Milled Eqv)
Costa Rica,"Cocoa, beans"
Costa Rica,"Coffee, green"
Costa Rica,Maize
Costa Rica,"Oil, palm"
Costa Rica,Oranges
Costa Rica,Potatoes
Costa Rica,"Rice, paddy"
Costa Rica,Sesame seed
Costa Rica,Soybeans
Costa Rica,Sugar cane
Costa Rica,Sweet potatoes
Costa Rica,"Tobacco, unmanufactured"
Costa Rica,Tomatoes
Costa Rica,Yams
Cote d'Ivoire,Avocados
Cote d'Ivoire,Bananas
Cote d'Ivoire,"Beans, dry"
Cote d'Ivoire,"Cashew nuts, with shell"
Cote d'Ivoire,Cassava
Cote d'Ivoire,Cereals (Rice Milled Eqv)
Cote d'Ivoire,"Cocoa, beans"
Cote d'Ivoire,"Coffee, green"
Cote d'Ivoire,Maize
Cote d'Ivoire,"Oil, palm"
Cote d'Ivoire,Oranges
Cote d'Ivoire,Potatoes
Cote d'Ivoire,"Rice, paddy"
Cote d'Ivoire,Sesame seed
Cote d'Ivoire,Soybeans
Cote d'Ivoire,Sugar cane
Cote d'Ivoire,Sweet potatoes
Cote d'Ivoire,"Tobacco, unmanufactured"
Cote d'Ivoire,Tomatoes
Cote d'Ivoire,Yams
Croatia,Apples
Croatia,Barley
Croatia,"Beans, dry"
Croatia,Cereals (Rice Milled Eqv)
Croatia,Grapes
Croatia,Maize
Croatia,Oranges
Croatia,"Peas, dry"
Croatia,Potatoes
Croatia,Rapeseed
Croatia,Rye
Croatia,Soybeans
Croatia,Sugar beet
Croatia,Sunflower seed
Croatia,"Tobacco, unmanufactured"
Croatia,Tomatoes
Croatia,Wheat
Cuba,Avocados
Cuba,Bananas
Cuba,"Beans, dry"
Cuba,Cassava
Cuba,Cereals (Rice Milled Eqv)
Cuba,"Cocoa, beans"
Cuba,"Coffee, green"
Cuba,Grapes
Cuba,Maize
Cuba,Oranges
Cuba,Potatoes
Cuba,"Rice, paddy"
Cuba,Sugar cane
Cuba,Sweet potatoes
Cuba,"Tobacco, unmanufactured"
Cuba,Tomatoes
Cuba,Yams
Cyprus,Apples
Cyprus,Avocados
Cyprus,Bananas
Cyprus,Barley
Cyprus,"Beans, dry"
Cyprus,Cereals (Rice Milled Eqv)
Cyprus,Grapes
Cyprus,Oranges
Cyprus,Potatoes
Cyprus,Sesame seed
Cyprus,"Tobacco, unmanufactured"
Cyprus,Tomatoes
Cyprus,Wheat
Denmark,Apples
Denmark,Barley
Denmark,Cereals (Rice Milled Eqv)
Denmark,Maize
Denmark,"Peas, dry"
Denmark,Potatoes
Denmark,Rapeseed
Denmark,Rye
Denmark,Sugar beet
Denmark,Tomatoes
Denmark,Wheat
Djibouti,"Beans, dry"
Djibouti,Cereals (Rice Milled Eqv)
Djibouti,Maize
Djibouti,Oranges
Djibouti,Sugar cane
Djibouti,Tomatoes
Dominica,Avocados
Dominica,Bananas
Dominica,Cassava
Dominica,Cereals (Rice Milled Eqv)
Dominica,"Cocoa, beans"
Dominica,"Coffee, green"
Dominica,Maize
Dominica,Oranges
Dominica,Potatoes
Dominica,Sugar cane
Dominica,Sweet potatoes
Dominica,Tomatoes
Dominica,Yams
Dominican Republic,Avocados
Dominican Republic,Bananas
Dominican Republic,"Beans, dry"
Dominican Republic,"Cashew nuts, with shell"
Dominican Republic,Cassava
Dominican Republic,Cereals (Rice Milled Eqv)
Dominican Republic,"Cocoa, beans"
Dominican Republic,"Coffee, green"
Dominican Republic,Maize
Dominican Republic,"Oil, palm"
Dominican Republic,Oranges
Dominican Republic,"Peas, dry"
Dominican Republic,Potatoes
Dominican Republic,"Rice, paddy"
Dominican Republic,Sesame seed
Dominican Republic,Sugar cane
Dominican Republic,Sweet potatoes
Dominican Republic,"Tobacco, unmanufactured"
Dominican Republic,Tomatoes
Dominican Republic,Yams
Ecuador,Apples
Ecuador,Avocados
Ecuador,Bananas
Ecuador,Barley
Ecuador,"Beans, dry"
Ecuador,Cassava
Ecuador,Cereals (Rice Milled Eqv)
Ecuador,"Cocoa, beans"
Ecuador,"Coffee, green"
Ecuador,Grapes
Ecuador,Maize
Ecuador,"Oil, palm"
Ecuador,Oranges
Ecuador,"Peas, dry"
Ecuador,Potatoes
Ecuador,"Rice, paddy"
Ecuador,Rye
Ecuador,Sesame seed
Ecuador,Soybeans
Ecuador,Sugar beet
Ecuador,Sugar cane
Ecuador,Sunflower seed
Ecuador,Sweet potatoes
Ecuador,Tea
Ecuador,"Tobacco, unmanufactured"
Ecuador,Tomatoes
Ecuador,Wheat
El Salvador,Apples
El Salvador,Avocados
El Salvador,Bananas
El Salvador,"Beans, dry"
El Salvador,"Cashew nuts, with shell"
El Salvador,Cassava
El Salvador,Cereals (Rice Milled Eqv)
El Salvador,"Cocoa, beans"
El Salvador,"Coffee, green"
El Salvador,Maize
El Salvador,Oranges
El Salvador,Potatoes
El Salvador,"Rice, paddy"
El Salvador,Sesame seed
El Salvador,Soybeans
El Salvador,Sugar cane
El Salvador,Sweet potatoes
El Salvador,Tea
El Salvador,"Tobacco, unmanufactured"
El Salvador,Tomatoes
Equatorial Guinea,Bananas
Equatorial Guinea,Cassava
Equatorial Guinea,"Cocoa, beans"
Equatorial Guinea,"Coffee, green"
Equatorial Guinea,"Oil, palm"
Equatorial Guinea,Sweet potatoes
Eritrea,Barley
Eritrea,"Beans, dry"
Eritrea,Cereals (Rice Milled Eqv)
Eritrea,Maize
Eritrea,"Peas, dry"
Eritrea,Potatoes
Eritrea,Sesame seed
Eritrea,Wheat
Estonia,Apples
Estonia,Barley
Estonia,"Beans, dry"
Estonia,Cereals (Rice Milled Eqv)
Estonia,"Peas, dry"
Estonia,Potatoes
Estonia,Rapeseed
Estonia,Rye
Estonia,Sugar beet
Estonia,Tomatoes
Estonia,Wheat
Eswatini,Avocados
Eswatini,Bananas
Eswatini,"Beans, dry"
Eswatini,Cereals (Rice Milled Eqv)
Eswatini,Maize
Eswatini,Oranges
Eswatini,Potatoes
Eswatini,"Rice, paddy"
Eswatini,Sugar cane
Eswatini,Sweet potatoes
Eswatini,"Tobacco, unmanufactured"
Eswatini,Tomatoes
Eswatini,Wheat
Ethiopia,Avocados
Ethiopia,Bananas
Ethiopia,Barley
Ethiopia,"Beans, dry"
Ethiopia,Cereals (Rice Milled Eqv)
Ethiopia,"Coffee, green"
Ethiopia,Grapes
Ethiopia,Maize
Ethiopia,Oranges
Ethiopia,"Peas, dry"
Ethiopia,Potatoes
Ethiopia,Rapeseed
Ethiopia,"Rice, paddy"
Ethiopia,Sesame seed
Ethiopia,Soybeans
Ethiopia,Sugar cane
Ethiopia,Sweet potatoes
Ethiopia,Tea
Ethiopia,"Tobacco, unmanufactured"
Ethiopia,Tomatoes
Ethiopia,Wheat
Ethiopia,Yams
Fiji,Bananas
Fiji,Cassava
Fiji,Cereals (Rice Milled Eqv)
Fiji,"Cocoa, beans"
Fiji,"Coffee, green"
Fiji,Maize
Fiji,Oranges
Fiji,Potatoes
Fiji,"Rice, paddy"
Fiji,Sugar cane
Fiji,Sweet potatoes
Fiji,"Tobacco, unmanufactured"
Fiji,Tomatoes
Fiji,Yams
Finland,Apples
Finland,Barley
Finland,Cereals (Rice Milled Eqv)
Finland,"Peas, dry"
Finland,Potatoes
Finland,Rapeseed
Finland,Rye
Finland,Sugar beet
Finland,Tomatoes
Finland,Wheat
France,Apples
France,Avocados
France,Barley
France,"Beans, dry"
France,Cereals (Rice Milled Eqv)
France,Grapes
France,Maize
France,Oranges
France,"Peas, dry"
France,Potatoes
France,Rapeseed
France,"Rice, paddy"
France,Rye
France,Soybeans
France,Sugar beet
France,Sugar cane
France,Sunflower seed
France,"Tobacco, unmanufactured"
France,Tomatoes
France,Wheat
French Polynesia,Avocados
French Polynesia,Bananas
French Polynesia,Cassava
French Polynesia,"Coffee, green"
French Polynesia,Oranges
French Polynesia,Potatoes
French Polynesia,Sugar cane
French Polynesia,Tomatoes
Gabon,Bananas
Gabon,Cassava
Gabon,Cereals (Rice Milled Eqv)
Gabon,"Cocoa, beans"
Gabon,"Coffee, green"
Gabon,Maize
Gabon,"Oil, palm"
Gabon,"Rice, paddy"
Gabon,Soybeans
Gabon,Sugar cane
Gabon,Sweet potatoes
Gabon,Tomatoes
Gabon,Yams
Georgia,Apples
Georgia,Barley
Georgia,"Beans, dry"
Georgia,Cereals (Rice Milled Eqv)
Georgia,Grapes
Georgia,Maize
Georgia,Oranges
Georgia,"Peas, dry"
Georgia,Potatoes
Georgia,Rye
Georgia,Soybeans
Georgia,Sugar beet
Georgia,Sunflower seed
Georgia,Tea
Georgia,"Tobacco, unmanufactured"
Georgia,Tomatoes
Georgia,Wheat
Germany,Apples
Germany,Barley
Germany,"Beans, dry"
Germany,Cereals (Rice Milled Eqv)
Germany,Grapes
Germany,Maize
Germany,"Peas, dry"
Germany,Potatoes
Germany,Rapeseed
Germany,Rye
Germany,Soybeans
Germany,Sugar beet
Germany,Sunflower seed
Germany,"Tobacco, unmanufactured"
Germany,Tomatoes
Germany,Wheat
Ghana,Avocados
Ghana,Bananas
Ghana,"Beans, dry"
Ghana,"Cashew nuts, with shell"
Ghana,Cassava
Ghana,Cereals (Rice Milled Eqv)
Ghana,"Cocoa, beans"
Ghana,"Coffee, green"
Ghana,Maize
Ghana,"Oil, palm"
Ghana,Oranges
Ghana,"Rice, paddy"
Ghana,Soybeans
Ghana,Sugar cane
Ghana,Sweet potatoes
Ghana,"Tobacco, unmanufactured"
Ghana,Tomatoes
Ghana,Yams
Greece,Apples
Greece,Avocados
Greece,Bananas
Greece,Barley
Greece,"Beans, dry"
Greece,Cereals (Rice Milled Eqv)
Greece,Grapes
Greece,Maize
Greece,Oranges
Greece,"Peas, dry"
Greece,Potatoes
Greece,Rapeseed
Greece,"Rice, paddy"
Greece,Rye
Greece,Sesame seed
Greece,Soybeans
Greece,Sugar beet
Greece,Sunflower seed
Greece,Sweet potatoes
Greece,"Tobacco, unmanufactured"
Greece,Tomatoes
Greece,Wheat
Grenada,Apples
Grenada,Avocados
Grenada,Bananas
Grenada,"Beans, dry"
Grenada,Cassava
Grenada,Cereals (Rice Milled Eqv)
Grenada,"Cocoa, beans"
Grenada,Maize
Grenada,Oranges
Grenada,Sugar cane
Grenada,Sweet potatoes
Grenada,Tomatoes
Grenada,Yams
Guam,Avocados
Guam,Bananas
Guam,Cereals (Rice Milled Eqv)
Guam,Maize
Guam,Oranges
Guam,Sweet potatoes
Guam,Tomatoes
Guatemala,Apples
Guatemala,Avocados
Guatemala,Bananas
Guatemala,Barley
Guatemala,"Beans, dry"
Guatemala,Cassava
Guatemala,Cereals (Rice Milled Eqv)
Guatemala,"Cocoa, beans"
Guatemala,"Coffee, green"
Guatemala,Grapes
Guatemala,Maize
Guatemala,"Oil, palm"
Guatemala,Oranges
Guatemala,Potatoes
Guatemala,"Rice, paddy"
Guatemala,Sesame seed
Guatemala,Soybeans
Guatemala,Sugar cane
Guatemala,Sweet potatoes
Guatemala,Tea
Guatemala,"Tobacco, unmanufactured"
Guatemala,Tomatoes
Guatemala,Wheat
Guinea,Bananas
Guinea,Bissau
Guinea,"Cashew nuts, with shell"
Guinea,Cassava
Guinea,Cereals (Rice Milled Eqv)
Guinea,"Cocoa, beans"
Guinea,"Coffee, green"
Guinea,Maize
Guinea,"Oil, palm"
Guinea,Potatoes
Guinea,"Rice, paddy"
Guinea,Sesame seed
Guinea,Sugar cane
Guinea,Sweet potatoes
Guinea,"Tobacco, unmanufactured"
Guinea,Yams
Guyana,Avocados
Guyana,Bananas
Guyana,Cassava
Guyana,Cereals (Rice Milled Eqv)
Guyana,"Cocoa, beans"
Guyana,"Coffee, green"
Guyana,Maize
Guyana,Oranges
Guyana,"Peas, dry"
Guyana,"Rice, paddy"
Guyana,Soybeans
Guyana,Sugar cane
Guyana,Sweet potatoes
Guyana,"Tobacco, unmanufactured"
Guyana,Tomatoes
Guyana,Yams
Haiti,Avocados
Haiti,Bananas
Haiti,"Beans, dry"
Haiti,Cassava
Haiti,Cereals (Rice Milled Eqv)
Haiti,"Cocoa, beans"
Haiti,"Coffee, green"
Haiti,Maize
Haiti,Oranges
Haiti,Potatoes
Haiti,"Rice, paddy"
Haiti,Sesame seed
Haiti,Sugar cane
Haiti,Sweet potatoes
Haiti,"Tobacco, unmanufactured"
Haiti,Tomatoes
Haiti,Yams
Honduras,Apples
Honduras,Avocados
Honduras,Bananas
Honduras,"Beans, dry"
Honduras,"Cashew nuts, with shell"
Honduras,Cassava
Honduras,Cereals (Rice Milled Eqv)
Honduras,"Cocoa, beans"
Honduras,"Coffee, green"
Honduras,Grapes
Honduras,Maize
Honduras,"Oil, palm"
Honduras,Oranges
Honduras,Potatoes
Honduras,"Rice, paddy"
Honduras,Sesame seed
Honduras,Soybeans
Honduras,Sugar cane
Honduras,Sweet potatoes
Honduras,"Tobacco, unmanufactured"
Honduras,Tomatoes
Honduras,Wheat
Hungary,Apples
Hungary,Barley
Hungary,"Beans, dry"
Hungary,Cereals (Rice Milled Eqv)
Hungary,Grapes
Hungary,Maize
Hungary,"Peas, dry"
Hungary,Potatoes
Hungary,Rapeseed
Hungary,"Rice, paddy"
Hungary,Rye
Hungary,Soybeans
Hungary,Sugar beet
Hungary,Sunflower seed
Hungary,"Tobacco, unmanufactured"
Hungary,Tomatoes
Hungary,Wheat
Iceland,Barley
Iceland,Cereals (Rice Milled Eqv)
Iceland,Potatoes
Iceland,Tomatoes
India,Apples
India,Bananas
India,Barley
India,"Beans, dry"
India,"Cashew nuts, with shell"
India,Cassava
India,Cereals (Rice Milled Eqv)
India,"Cocoa, beans"
India,"Coffee, green"
India,Grapes
India,Maize
India,Oranges
India,"Peas, dry"
India,Potatoes
India,Rapeseed
India,"Rice, paddy"
India,Sesame seed
India,Soybeans
India,Sugar cane
India,Sunflower seed
India,Sweet potatoes
India,Tea
India,"Tobacco, unmanufactured"
India,Tomatoes
India,Wheat
Indonesia,Avocados
Indonesia,Bananas
Indonesia,"Beans, dry"
Indonesia,"Cashew nuts, with shell"
Indonesia,Cassava
Indonesia,Cereals (Rice Milled Eqv)
Indonesia,"Cocoa, beans"
Indonesia,"Coffee, green"
Indonesia,Maize
Indonesia,"Oil, palm"
Indonesia,Oranges
Indonesia,Potatoes
Indonesia,"Rice, paddy"
Indonesia,Soybeans
Indonesia,Sugar cane
Indonesia,Sweet potatoes
Indonesia,Tea
Indonesia,"Tobacco, unmanufactured"
Indonesia,Tomatoes
Iraq,Apples
Iraq,Barley
Iraq,"Beans, dry"
Iraq,Cereals (Rice Milled Eqv)
Iraq,Grapes
Iraq,Maize
Iraq,Oranges
Iraq,Potatoes
Iraq,"Rice, paddy"
Iraq,Sesame seed
Iraq,Soybeans
Iraq,Sugar beet
Iraq,Sugar cane
Iraq,Sunflower seed
Iraq,"Tobacco, unmanufactured"
Iraq,Tomatoes
Iraq,Wheat
Ireland,Apples
Ireland,Barley
Ireland,"Beans, dry"
Ireland,Cereals (Rice Milled Eqv)
Ireland,"Peas, dry"
Ireland,Potatoes
Ireland,Rapeseed
Ireland,Rye
Ireland,Sugar beet
Ireland,Tomatoes
Ireland,Wheat
Israel,Apples
Israel,Avocados
Israel,Bananas
Israel,Barley
Israel,Cereals (Rice Milled Eqv)
Israel,Grapes
Israel,Maize
Israel,Oranges
Israel,"Peas, dry"
Israel,Potatoes
Israel,Sesame seed
Israel,Sugar beet
Israel,Sunflower seed
Israel,Sweet potatoes
Israel,"Tobacco, unmanufactured"
Israel,Tomatoes
Israel,Wheat
Jamaica,Avocados
Jamaica,Bananas
Jamaica,"Beans, dry"
Jamaica,Cassava
Jamaica,Cereals (Rice Milled Eqv)
Jamaica,"Cocoa, beans"
Jamaica,"Coffee, green"
Jamaica,Maize
Jamaica,Oranges
Jamaica,"Peas, dry"
Jamaica,Potatoes
Jamaica,"Rice, paddy"
Jamaica,Sugar cane
Jamaica,Sweet potatoes
Jamaica,"Tobacco, unmanufactured"
Jamaica,Tomatoes
Jamaica,Yams
Japan,Apples
Japan,Bananas
Japan,Barley
Japan,"Beans, dry"
Japan,Cereals (Rice Milled Eqv)
Japan,Grapes
Japan,Maize
Japan,Oranges
Japan,"Peas, dry"
Japan,Potatoes
Japan,Rapeseed
Japan,"Rice, paddy"
Japan,Rye
Japan,Sesame seed
Japan,Soybeans
Japan,Sugar beet
Japan,Sugar cane
Japan,Sweet potatoes
Japan,Tea
Japan,"Tobacco, unmanufactured"
Japan,Tomatoes
Japan,Wheat
Japan,Yams
Jordan,Apples
Jordan,Bananas
Jordan,Barley
Jordan,Cereals (Rice Milled Eqv)
Jordan,Grapes
Jordan,Maize
Jordan,Oranges
Jordan,Potatoes
Jordan,Sesame seed
Jordan,Soybeans
Jordan,Sunflower seed
Jordan,"Tobacco, unmanufactured"
Jordan,Tomatoes
Jordan,Wheat
Kazakhstan,Apples
Kazakhstan,Barley
Kazakhstan,"Beans, dry"
Kazakhstan,Cereals (Rice Milled Eqv)
Kazakhstan,Grapes
Kazakhstan,Maize
Kazakhstan,"Oil, palm"
Kazakhstan,"Peas, dry"
Kazakhstan,Potatoes
Kazakhstan,Rapeseed
Kazakhstan,"Rice, paddy"
Kazakhstan,Rye
Kazakhstan,Soybeans
Kazakhstan,Sugar beet
Kazakhstan,Sunflower seed
Kazakhstan,"Tobacco, unmanufactured"
Kazakhstan,Tomatoes
Kazakhstan,Wheat
Kenya,Apples
Kenya,Avocados
Kenya,Bananas
Kenya,Barley
Kenya,"Beans, dry"
Kenya,"Cashew nuts, with shell"
Kenya,Cassava
Kenya,Cereals (Rice Milled Eqv)
Kenya,"Coffee, green"
Kenya,Maize
Kenya,Oranges
Kenya,Potatoes
Kenya,"Rice, paddy"
Kenya,Sesame seed
Kenya,Soybeans
Kenya,Sugar cane
Kenya,Sunflower seed
Kenya,Sweet potatoes
Kenya,Tea
Kenya,"Tobacco, unmanufactured"
Kenya,Tomatoes
Kenya,Wheat
Kenya,Yams
Kiribati,Bananas
Kuwait,Bananas
Kuwait,Barley
Kuwait,Cereals (Rice Milled Eqv)
Kuwait,Grapes
Kuwait,Maize
Kuwait,Oranges
Kuwait,Potatoes
Kuwait,Tomatoes
Kuwait,Wheat
Latvia,Apples
Latvia,Barley
Latvia,"Beans, dry"
Latvia,Cereals (Rice Milled Eqv)
Latvia,"Peas, dry"
Latvia,Potatoes
Latvia,Rapeseed
Latvia,Rye
Latvia,Soybeans
Latvia,Sugar beet
Latvia,Tomatoes
Latvia,Wheat
Lebanon,Apples
Lebanon,Avocados
Lebanon,Bananas
Lebanon,Barley
Lebanon,"Beans, dry"
Lebanon,Cereals (Rice Milled Eqv)
Lebanon,Grapes
Lebanon,Maize
Lebanon,Oranges
Lebanon,"Peas, dry"
Lebanon,Potatoes
Lebanon,Sesame seed
Lebanon,Sugar beet
Lebanon,Sugar cane
Lebanon,Sunflower seed
Lebanon,"Tobacco, unmanufactured"
Lebanon,Tomatoes
Lebanon,Wheat
Lesotho,Barley
Lesotho,"Beans, dry"
Lesotho,Cereals (Rice Milled Eqv)
Lesotho,Maize
Lesotho,"Peas, dry"
Lesotho,Potatoes
Lesotho,Wheat
Liberia,Bananas
Liberia,Cassava
Liberia,Cereals (Rice Milled Eqv)
Liberia,"Cocoa, beans"
Liberia,"Coffee, green"
Liberia,"Oil, palm"
Liberia,Oranges
Liberia,"Rice, paddy"
Liberia,Soybeans
Liberia,Sugar cane
Liberia,Sweet potatoes
Liberia,Tomatoes
Liberia,Yams
Libya,Apples
Libya,Bananas
Libya,Barley
Libya,"Beans, dry"
Libya,Cereals (Rice Milled Eqv)
Libya,Grapes
Libya,Maize
Libya,Oranges
Libya,"Peas, dry"
Libya,Potatoes
Libya,"Tobacco, unmanufactured"
Libya,Tomatoes
Libya,Wheat
Liechtenstein,Grapes
Lithuania,Apples
Lithuania,Barley
Lithuania,"Beans, dry"
Lithuania,Cereals (Rice Milled Eqv)
Lithuania,Maize
Lithuania,"Peas, dry"
Lithuania,Potatoes
Lithuania,Rapeseed
Lithuania,Rye
Lithuania,Sugar beet
Lithuania,Tomatoes
Lithuania,Wheat
Luxembourg,Apples
Luxembourg,Barley
Luxembourg,"Beans, dry"
Luxembourg,Cereals (Rice Milled Eqv)
Luxembourg,Grapes
Luxembourg,Maize
Luxembourg,"Peas, dry"
Luxembourg,Potatoes
Luxembourg,Rapeseed
Luxembourg,Rye
Luxembourg,Tomatoes
Luxembourg,Wheat
Madagascar,Apples
Madagascar,Avocados
Madagascar,Bananas
Madagascar,"Beans, dry"
Madagascar,"Cashew nuts, with shell"
Madagascar,Cassava
Madagascar,Cereals (Rice Milled Eqv)
Madagascar,"Cocoa, beans"
Madagascar,"Coffee, green"
Madagascar,Grapes
Madagascar,Maize
Madagascar,"Oil, palm"
Madagascar,Oranges
Madagascar,"Peas, dry"
Madagascar,Potatoes
Madagascar,"Rice, paddy"
Madagascar,Soybeans
Madagascar,Sugar cane
Madagascar,Sweet potatoes
Madagascar,Tea
Madagascar,"Tobacco, unmanufactured"
Madagascar,Tomatoes
Madagascar,Wheat
Malawi,Apples
Malawi,Avocados
Malawi,Bananas
Malawi,"Beans, dry"
Malawi,"Cashew nuts, with shell"
Malawi,Cassava
Malawi,Cereals (Rice Milled Eqv)
Malawi,"Coffee, green"
Malawi,Grapes
Malawi,Maize
Malawi,Oranges
Malawi,"Peas, dry"
Malawi,Potatoes
Malawi,"Rice, paddy"
Malawi,Sesame seed
Malawi,Soybeans
Malawi,Sugar cane
Malawi,Sunflower seed
Malawi,Sweet potatoes
Malawi,Tea
Malawi,"Tobacco, unmanufactured"
Malawi,Tomatoes
Malawi,Wheat
Malaysia,Bananas
Malaysia,"Cashew nuts, with shell"
Malaysia,Cassava
Malaysia,Cereals (Rice Milled Eqv)
Malaysia,"Cocoa, beans"
Malaysia,"Coffee, green"
Malaysia,Maize
Malaysia,"Oil, palm"
Malaysia,Oranges
Malaysia,"Rice, paddy"
Malaysia,Soybeans
Malaysia,Sugar cane
Malaysia,Sweet potatoes
Malaysia,Tea
Malaysia,"Tobacco, unmanufactured"
Malaysia,Tomatoes
Maldives,Bananas
Maldives,Cassava
Maldives,Cereals (Rice Milled Eqv)
Maldives,Maize
Maldives,Sweet potatoes
Maldives,Tomatoes
Mali,Bananas
Mali,"Beans, dry"
Mali,"Cashew nuts, with shell"
Mali,Cassava
Mali,Cereals (Rice Milled Eqv)
Mali,Maize
Mali,Oranges
Mali,Potatoes
Mali,"Rice, paddy"
Mali,Sesame seed
Mali,Soybeans
Mali,Sugar beet
Mali,Sugar cane
Mali,Sweet potatoes
Mali,Tea
Mali,"Tobacco, unmanufactured"
Mali,Tomatoes
Mali,Wheat
Mali,Yams
Malta,Apples
Malta,Barley
Malta,"Beans, dry"
Malta,Cereals (Rice Milled Eqv)
Malta,Grapes
Malta,Oranges
Malta,Potatoes
Malta,Tomatoes
Malta,Wheat
Mauritania,Barley
Mauritania,"Beans, dry"
Mauritania,Cereals (Rice Milled Eqv)
Mauritania,Maize
Mauritania,"Peas, dry"
Mauritania,Potatoes
Mauritania,"Rice, paddy"
Mauritania,Sweet potatoes
Mauritania,Wheat
Mauritania,Yams
Mauritius,Bananas
Mauritius,Cassava
Mauritius,Cereals (Rice Milled Eqv)
Mauritius,"Coffee, green"
Mauritius,Maize
Mauritius,Potatoes
Mauritius,"Rice, paddy"
Mauritius,Sugar cane
Mauritius,Sweet potatoes
Mauritius,Tea
Mauritius,"Tobacco, unmanufactured"
Mauritius,Tomatoes
Mexico,Apples
Mexico,Avocados
Mexico,Bananas
Mexico,Barley
Mexico,"Beans, dry"
Mexico,"Cashew nuts, with shell"
Mexico,Cassava
Mexico,Cereals (Rice Milled Eqv)
Mexico,"Cocoa, beans"
Mexico,"Coffee, green"
Mexico,Grapes
Mexico,Maize
Mexico,"Oil, palm"
Mexico,Oranges
Mexico,"Peas, dry"
Mexico,Potatoes
Mexico,Rapeseed
Mexico,"Rice, paddy"
Mexico,Rye
Mexico,Sesame seed
Mexico,Soybeans
Mexico,Sugar beet
Mexico,Sugar cane
Mexico,Sunflower seed
Mexico,Sweet potatoes
Mexico,"Tobacco, unmanufactured"
Mexico,Tomatoes
Mexico,Wheat
Moldova,Apples
Moldova,Barley
Moldova,"Beans, dry"
Moldova,Cereals (Rice Milled Eqv)
Moldova,Grapes
Moldova,Maize
Moldova,"Peas, dry"
Moldova,Potatoes
Moldova,Rapeseed
Moldova,Rye
Moldova,Soybeans
Moldova,Sugar beet
Moldova,Sunflower seed
Moldova,"Tobacco, unmanufactured"
Moldova,Tomatoes
Moldova,Wheat
Mongolia,Barley
Mongolia,Cereals (Rice Milled Eqv)
Mongolia,Potatoes
Mongolia,Rapeseed
Mongolia,Wheat
Morocco,Apples
Morocco,Avocados
Morocco,Bananas
Morocco,Barley
Morocco,"Beans, dry"
Morocco,Cereals (Rice Milled Eqv)
Morocco,Grapes
Morocco,Maize
Morocco,Oranges
Morocco,"Peas, dry"
Morocco,Potatoes
Morocco,Rapeseed
Morocco,"Rice, paddy"
Morocco,Rye
Morocco,Sesame seed
Morocco,Soybeans
Morocco,Sugar beet
Morocco,Sugar cane
Morocco,Sunflower seed
Morocco,Sweet potatoes
Morocco,"Tobacco, unmanufactured"
Morocco,Tomatoes
Morocco,Wheat
Mozambique,Bananas
Mozambique,"Beans, dry"
Mozambique,"Cashew nuts, with shell"
Mozambique,Cassava
Mozambique,Cereals (Rice Milled Eqv)
Mozambique,"Coffee, green"
Mozambique,Maize
Mozambique,Oranges
Mozambique,Potatoes
Mozambique,"Rice, paddy"
Mozambique,Sesame seed
Mozambique,Sugar cane
Mozambique,Sunflower seed
Mozambique,Sweet potatoes
Mozambique,Tea
Mozambique,"Tobacco, unmanufactured"
Mozambique,Tomatoes
Mozambique,Wheat
Namibia,"Beans, dry"
Namibia,Cereals (Rice Milled Eqv)
Namibia,Grapes
Namibia,Maize
Namibia,Oranges
Namibia,Potatoes
Namibia,Sunflower seed
Namibia,Tomatoes
Namibia,Wheat
Nepal,Apples
Nepal,Bananas
Nepal,Barley
Nepal,"Beans, dry"
Nepal,Cereals (Rice Milled Eqv)
Nepal,"Coffee, green"
Nepal,Maize
Nepal,Oranges
Nepal,Potatoes
Nepal,"Rice, paddy"
Nepal,Soybeans
Nepal,Sugar cane
Nepal,Tea
Nepal,"Tobacco, unmanufactured"
Nepal,Wheat
Netherlands,Apples
Netherlands,Barley
Netherlands,"Beans, dry"
Netherlands,Cereals (Rice Milled Eqv)
Netherlands,Grapes
Netherlands,Maize
Netherlands,"Peas, dry"
Netherlands,Potatoes
Netherlands,Rapeseed
Netherlands,Rye
Netherlands,Sugar beet
Netherlands,Tomatoes
Netherlands,Wheat
New Caledonia,Bananas
New Caledonia,Cassava
New Caledonia,Cereals (Rice Milled Eqv)
New Caledonia,"Coffee, green"
New Caledonia,Maize
New Caledonia,Oranges
New Caledonia,Potatoes
New Caledonia,Sweet potatoes
New Caledonia,Wheat
New Caledonia,Yams
New Zealand,Apples
New Zealand,Avocados
New Zealand,Barley
New Zealand,Cereals (Rice Milled Eqv)
New Zealand,Grapes
New Zealand,Maize
New Zealand,Oranges
New Zealand,"Peas, dry"
New Zealand,Potatoes
New Zealand,Rapeseed
New Zealand,Soybeans
New Zealand,Sweet potatoes
New Zealand,"Tobacco, unmanufactured"
New Zealand,Tomatoes
New Zealand,Wheat
Nicaragua,Bananas
Nicaragua,"Beans, dry"
Nicaragua,Cassava
Nicaragua,Cereals (Rice Milled Eqv)
Nicaragua,"Cocoa, beans"
Nicaragua,"Coffee, green"
Nicaragua,Maize
Nicaragua,"Oil, palm"
Nicaragua,Oranges
Nicaragua,Potatoes
Nicaragua,"Rice, paddy"
Nicaragua,Sesame seed
Nicaragua,Soybeans
Nicaragua,Sugar cane
Nicaragua,"Tobacco, unmanufactured"
Nicaragua,Tomatoes
Nicaragua,Yams
Niger,"Beans, dry"
Niger,Cassava
Niger,Cereals (Rice Milled Eqv)
Niger,Maize
Niger,"Peas, dry"
Niger,Potatoes
Niger,"Rice, paddy"
Niger,Sesame seed
Niger,Sugar cane
Niger,Sweet potatoes
Niger,"Tobacco, unmanufactured"
Niger,Tomatoes
Niger,Wheat
Nigeria,"Cashew nuts, with shell"
Nigeria,Cassava
Nigeria,Cereals (Rice Milled Eqv)
Nigeria,"Cocoa, beans"
Nigeria,"Coffee, green"
Nigeria,Maize
Nigeria,"Oil, palm"
Nigeria,Potatoes
Nigeria,"Rice, paddy"
Nigeria,Sesame seed
Nigeria,Soybeans
Nigeria,Sugar cane
Nigeria,Sweet potatoes
Nigeria,"Tobacco, unmanufactured"
Nigeria,Tomatoes
Nigeria,Wheat
Nigeria,Yams
Norway,Apples
Norway,Barley
Norway,Cereals (Rice Milled Eqv)
Norway,"Oil, palm"
Norway,"Peas, dry"
Norway,Potatoes
Norway,Rapeseed
Norway,Rye
Norway,Tomatoes
Norway,Wheat
Oman,Bananas
Oman,Barley
Oman,Cereals (Rice Milled Eqv)
Oman,Maize
Oman,Potatoes
Oman,Sugar cane
Oman,"Tobacco, unmanufactured"
Oman,Tomatoes
Oman,Wheat
Pakistan,Apples
Pakistan,Bananas
Pakistan,Barley
Pakistan,"Beans, dry"
Pakistan,Cereals (Rice Milled Eqv)
Pakistan,Grapes
Pakistan,Maize
Pakistan,Oranges
Pakistan,"Peas, dry"
Pakistan,Potatoes
Pakistan,Rapeseed
Pakistan,"Rice, paddy"
Pakistan,Sesame seed
Pakistan,Soybeans
Pakistan,Sugar beet
Pakistan,Sugar cane
Pakistan,Sunflower seed
Pakistan,Sweet potatoes
Pakistan,"Tobacco, unmanufactured"
Pakistan,Tomatoes
Pakistan,Wheat
Panama,Avocados
Panama,Bananas
Panama,"Beans, dry"
Panama,Cassava
Panama,Cereals (Rice Milled Eqv)
Panama,"Cocoa, beans"
Panama,"Coffee, green"
Panama,Maize
Panama,"Oil, palm"
Panama,Oranges
Panama,Potatoes
Panama,"Rice, paddy"
Panama,Sesame seed
Panama,Soybeans
Panama,Sugar cane
Panama,Tea
Panama,"Tobacco, unmanufactured"
Panama,Tomatoes
Panama,Yams
Papua New Guinea,Bananas
Papua New Guinea,Cassava
Papua New Guinea,Cereals (Rice Milled Eqv)
Papua New Guinea,"Cocoa, beans"
Papua New Guinea,"Coffee, green"
Papua New Guinea,Maize
Papua New Guinea,"Oil, palm"
Papua New Guinea,Potatoes
Papua New Guinea,"Rice, paddy"
Papua New Guinea,Sugar cane
Papua New Guinea,Sweet potatoes
Papua New Guinea,Tea
Papua New Guinea,Tomatoes
Papua New Guinea,Yams
Paraguay,Apples
Paraguay,Avocados
Paraguay,Bananas
Paraguay,"Beans, dry"
Paraguay,Cassava
Paraguay,Cereals (Rice Milled Eqv)
Paraguay,"Coffee, green"
Paraguay,Grapes
Paraguay,Maize
Paraguay,"Oil, palm"
Paraguay,Oranges
Paraguay,"Peas, dry"
Paraguay,Potatoes
Paraguay,Rapeseed
Paraguay,"Rice, paddy"
Paraguay,Sesame seed
Paraguay,Soybeans
Paraguay,Sugar cane
Paraguay,Sunflower seed
Paraguay,Sweet potatoes
Paraguay,"Tobacco, unmanufactured"
Paraguay,Tomatoes
Paraguay,Wheat
Peru,Apples
Peru,Avocados
Peru,Bananas
Peru,Barley
Peru,"Beans, dry"
Peru,"Cashew nuts, with shell"
Peru,Cassava
Peru,Cereals (Rice Milled Eqv)
Peru,"Cocoa, beans"
Peru,"Coffee, green"
Peru,Grapes
Peru,Maize
Peru,"Oil, palm"
Peru,Oranges
Peru,"Peas, dry"
Peru,Potatoes
Peru,"Rice, paddy"
Peru,Rye
Peru,Sesame seed
Peru,Soybeans
Peru,Sugar cane
Peru,Sweet potatoes
Peru,Tea
Peru,"Tobacco, unmanufactured"
Peru,Tomatoes
Peru,Wheat
Philippines,Avocados
Philippines,Bananas
Philippines,"Beans, dry"
Philippines,"Cashew nuts, with shell"
Philippines,Cassava
Philippines,Cereals (Rice Milled Eqv)
Philippines,"Cocoa, beans"
Philippines,"Coffee, green"
Philippines,Grapes
Philippines,Maize
Philippines,"Oil, palm"
Philippines,Oranges
Philippines,"Peas, dry"
Philippines,Potatoes
Philippines,"Rice, paddy"
Philippines,Soybeans
Philippines,Sugar cane
Philippines,Sweet potatoes
Philippines,"Tobacco, unmanufactured"
Philippines,Tomatoes
Philippines,Yams
Poland,Apples
Poland,Barley
Poland,"Beans, dry"
Poland,Cereals (Rice Milled Eqv)
Poland,Maize
Poland,"Peas, dry"
Poland,Potatoes
Poland,Rapeseed
Poland,Rye
Poland,Soybeans
Poland,Sugar beet
Poland,Sunflower seed
Poland,"Tobacco, unmanufactured"
Poland,Tomatoes
Poland,Wheat
Portugal,Apples
Portugal,Avocados
Portugal,Bananas
Portugal,Barley
Portugal,"Beans, dry"
Portugal,Cereals (Rice Milled Eqv)
Portugal,Grapes
Portugal,Maize
Portugal,Oranges
Portugal,Potatoes
Portugal,"Rice, paddy"
Portugal,Rye
Portugal,Sugar beet
Portugal,Sugar cane
Portugal,Sunflower seed
Portugal,Sweet potatoes
Portugal,Tea
Portugal,"Tobacco, unmanufactured"
Portugal,Tomatoes
Portugal,Wheat
Portugal,Yams
Puerto Rico,Avocados
Puerto Rico,Bananas
Puerto Rico,"Beans, dry"
Puerto Rico,Cassava
Puerto Rico,Cereals (Rice Milled Eqv)
Puerto Rico,"Coffee, green"
Puerto Rico,Maize
Puerto Rico,Oranges
Puerto Rico,"Rice, paddy"
Puerto Rico,Sugar cane
Puerto Rico,Sweet potatoes
Puerto Rico,"Tobacco, unmanufactured"
Puerto Rico,Tomatoes
Puerto Rico,Yams
Qatar,Barley
Qatar,Cereals (Rice Milled Eqv)
Qatar,Grapes
Qatar,Maize
Qatar,Potatoes
Qatar,Tomatoes
Qatar,Wheat
Romania,Apples
Romania,Barley
Romania,"Beans, dry"
Romania,Cereals (Rice Milled Eqv)
Romania,Grapes
Romania,Maize
Romania,"Peas, dry"
Romania,Potatoes
Romania,Rapeseed
Romania,"Rice, paddy"
Romania,Rye
Romania,Soybeans
Romania,Sugar beet
Romania,Sunflower seed
Romania,"Tobacco, unmanufactured"
Romania,Tomatoes
Romania,Wheat
Rwanda,Avocados
Rwanda,Bananas
Rwanda,Barley
Rwanda,"Beans, dry"
Rwanda,Cassava
Rwanda,Cereals (Rice Milled Eqv)
Rwanda,"Coffee, green"
Rwanda,Maize
Rwanda,Oranges
Rwanda,"Peas, dry"
Rwanda,Potatoes
Rwanda,"Rice, paddy"
Rwanda,Soybeans
Rwanda,Sugar cane
Rwanda,Sweet potatoes
Rwanda,Tea
Rwanda,"Tobacco, unmanufactured"
Rwanda,Tomatoes
Rwanda,Wheat
Rwanda,Yams
Samoa,Avocados
Samoa,Bananas
Samoa,Cassava
Samoa,"Cocoa, beans"
Samoa,"Coffee, green"
Samoa,Sugar cane
Samoa,"Tobacco, unmanufactured"
Samoa,Yams
Sao Tome and Principe,Bananas
Sao Tome and Principe,Cassava
Sao Tome and Principe,Cereals (Rice Milled Eqv)
Sao Tome and Principe,"Cocoa, beans"
Sao Tome and Principe,"Coffee, green"
Sao Tome and Principe,Maize
Sao Tome and Principe,"Oil, palm"
Sao Tome and Principe,Yams
Saudi Arabia,Barley
Saudi Arabia,Cereals (Rice Milled Eqv)
Saudi Arabia,"Coffee, green"
Saudi Arabia,Grapes
Saudi Arabia,Maize
Saudi Arabia,Potatoes
Saudi Arabia,"Rice, paddy"
Saudi Arabia,Sesame seed
Saudi Arabia,Tomatoes
Saudi Arabia,Wheat
Senegal,Bananas
Senegal,"Cashew nuts, with shell"
Senegal,Cassava
Senegal,Cereals (Rice Milled Eqv)
Senegal,Maize
Senegal,"Oil, palm"
Senegal,Oranges
Senegal,Potatoes
Senegal,"Rice, paddy"
Senegal,Sesame seed
Senegal,Soybeans
Senegal,Sugar cane
Senegal,Sweet potatoes
Senegal,"Tobacco, unmanufactured"
Senegal,Tomatoes
Seychelles,Avocados
Seychelles,Bananas
Seychelles,Cassava
Seychelles,Oranges
Seychelles,Tea
Seychelles,Tomatoes
Sierra Leone,Cassava
Sierra Leone,Cereals (Rice Milled Eqv)
Sierra Leone,"Cocoa, beans"
Sierra Leone,"Coffee, green"
Sierra Leone,Maize
Sierra Leone,"Oil, palm"
Sierra Leone,"Peas, dry"
Sierra Leone,"Rice, paddy"
Sierra Leone,Sesame seed
Sierra Leone,Sugar cane
Sierra Leone,Sweet potatoes
Sierra Leone,"Tobacco, unmanufactured"
Sierra Leone,Tomatoes
Singapore,Bananas
Singapore,Cassava
Singapore,Sugar cane
Singapore,Sweet potatoes
Singapore,"Tobacco, unmanufactured"
Singapore,Tomatoes
Slovenia,Apples
Slovenia,Barley
Slovenia,"Beans, dry"
Slovenia,Cereals (Rice Milled Eqv)
Slovenia,Grapes
Slovenia,Maize
Slovenia,"Peas, dry"
Slovenia,Potatoes
Slovenia,Rapeseed
Slovenia,Rye
Slovenia,Soybeans
Slovenia,Sugar beet
Slovenia,Sunflower seed
Slovenia,Tomatoes
Slovenia,Wheat
Solomon Islands,Bananas
Solomon Islands,Cassava
Solomon Islands,Cereals (Rice Milled Eqv)
Solomon Islands,"Cocoa, beans"
Solomon Islands,"Oil, palm"
Solomon Islands,"Rice, paddy"
Solomon Islands,Sweet potatoes
Solomon Islands,"Tobacco, unmanufactured"
Solomon Islands,Yams
Somalia,Bananas
Somalia,"Beans, dry"
Somalia,Cassava
Somalia,Cereals (Rice Milled Eqv)
Somalia,Maize
Somalia,Oranges
Somalia,"Rice, paddy"
Somalia,Sesame seed
Somalia,Sugar cane
Somalia,Sweet potatoes
Somalia,"Tobacco, unmanufactured"
Somalia,Tomatoes
Somalia,Wheat
South Africa,Apples
South Africa,Avocados
South Africa,Bananas
South Africa,Barley
South Africa,"Beans, dry"
South Africa,Cereals (Rice Milled Eqv)
South Africa,Grapes
South Africa,Maize
South Africa,Oranges
South Africa,"Peas, dry"
South Africa,Potatoes
South Africa,Rapeseed
South Africa,"Rice, paddy"
South Africa,Rye
South Africa,Soybeans
South Africa,Sugar cane
South Africa,Sunflower seed
South Africa,Sweet potatoes
South Africa,Tea
South Africa,"Tobacco, unmanufactured"
South Africa,Tomatoes
South Africa,Wheat
South Sudan,"Beans, dry"
South Sudan,Cassava
South Sudan,Cereals (Rice Milled Eqv)
South Sudan,Maize
South Sudan,Sesame seed
South Sudan,Sunflower seed
South Sudan,Yams
Spain,Apples
Spain,Avocados
Spain,Bananas
Spain,Barley
Spain,"Beans, dry"
Spain,Cereals (Rice Milled Eqv)
Spain,"Coffee, green"
Spain,Grapes
Spain,Maize
Spain,Oranges
Spain,"Peas, dry"
Spain,Potatoes
Spain,Rapeseed
Spain,"Rice, paddy"
Spain,Rye
Spain,Soybeans
Spain,Sugar beet
Spain,Sugar cane
Spain,Sunflower seed
Spain,Sweet potatoes
Spain,"Tobacco, unmanufactured"
Spain,Tomatoes
Spain,Wheat
Sri Lanka,Avocados
Sri Lanka,"Beans, dry"
Sri Lanka,"Cashew nuts, with shell"
Sri Lanka,Cassava
Sri Lanka,Cereals (Rice Milled Eqv)
Sri Lanka,"Cocoa, beans"
Sri Lanka,"Coffee, green"
Sri Lanka,Maize
Sri Lanka,Oranges
Sri Lanka,Potatoes
Sri Lanka,"Rice, paddy"
Sri Lanka,Sesame seed
Sri Lanka,Soybeans
Sri Lanka,Sugar cane
Sri Lanka,Sweet potatoes
Sri Lanka,Tea
Sri Lanka,"Tobacco, unmanufactured"
Sri Lanka,Tomatoes
Sudan,Bananas
Sudan,"Beans, dry"
Sudan,Cereals (Rice Milled Eqv)
Sudan,Maize
Sudan,Oranges
Sudan,Potatoes
Sudan,"Rice, paddy"
Sudan,Sesame seed
Sudan,Sugar cane
Sudan,Sunflower seed
Sudan,Sweet potatoes
Sudan,Tomatoes
Sudan,Wheat
Sudan,Yams
Suriname,Bananas
Suriname,Cassava
Suriname,Cereals (Rice Milled Eqv)
Suriname,"Cocoa, beans"
Suriname,"Coffee, green"
Suriname,Maize
Suriname,"Oil, palm"
Suriname,Oranges
Suriname,"Rice, paddy"
Suriname,Soybeans
Suriname,Sugar cane
Suriname,Sweet potatoes
Suriname,Tomatoes
Sweden,Apples
Sweden,Barley
Sweden,"Beans, dry"
Sweden,Cereals (Rice Milled Eqv)
Sweden,"Peas, dry"
Sweden,Potatoes
Sweden,Rapeseed
Sweden,Rye
Sweden,Sugar beet
Sweden,"Tobacco, unmanufactured"
Sweden,Tomatoes
Sweden,Wheat
Switzerland,Apples
Switzerland,Barley
Switzerland,Cereals (Rice Milled Eqv)
Switzerland,Grapes
Switzerland,Maize
Switzerland,"Peas, dry"
Switzerland,Potatoes
Switzerland,Rapeseed
Switzerland,Rye
Switzerland,Soybeans
Switzerland,Sugar beet
Switzerland,Sunflower seed
Switzerland,"Tobacco, unmanufactured"
Switzerland,Tomatoes
Switzerland,Wheat
Tajikistan,Apples
Tajikistan,Barley
Tajikistan,"Beans, dry"
Tajikistan,Cereals (Rice Milled Eqv)
Tajikistan,Grapes
Tajikistan,Maize
Tajikistan,Oranges
Tajikistan,"Peas, dry"
Tajikistan,Potatoes
Tajikistan,Rapeseed
Tajikistan,"Rice, paddy"
Tajikistan,Rye
Tajikistan,Sesame seed
Tajikistan,Soybeans
Tajikistan,Sunflower seed
Tajikistan,"Tobacco, unmanufactured"
Tajikistan,Tomatoes
Tajikistan,Wheat
Thailand,Bananas
Thailand,Barley
Thailand,"Beans, dry"
Thailand,"Cashew nuts, with shell"
Thailand,Cassava
Thailand,Cereals (Rice Milled Eqv)
Thailand,"Cocoa, beans"
Thailand,"Coffee, green"
Thailand,Grapes
Thailand,Maize
Thailand,"Oil, palm"
Thailand,Oranges
Thailand,Potatoes
Thailand,"Rice, paddy"
Thailand,Sesame seed
Thailand,Soybeans
Thailand,Sugar cane
Thailand,Sunflower seed
Thailand,Tea
Thailand,"Tobacco, unmanufactured"
Thailand,Tomatoes
Thailand,Wheat
Togo,Bananas
Togo,"Beans, dry"
Togo,"Cashew nuts, with shell"
Togo,Cassava
Togo,Cereals (Rice Milled Eqv)
Togo,"Cocoa, beans"
Togo,"Coffee, green"
Togo,Maize
Togo,"Oil, palm"
Togo,Oranges
Togo,"Rice, paddy"
Togo,Sesame seed
Togo,Soybeans
Togo,Sweet potatoes
Togo,"Tobacco, unmanufactured"
Togo,Tomatoes
Togo,Yams
Tonga,Bananas
Tonga,Cassava
Tonga,"Cocoa, beans"
Tonga,"Coffee, green"
Tonga,Oranges
Tonga,Sweet potatoes
Tonga,Tomatoes
Tonga,Yams
Trinidad and Tobago,Avocados
Trinidad and Tobago,Bananas
Trinidad and Tobago,Cassava
Trinidad and Tobago,Cereals (Rice Milled Eqv)
Trinidad and Tobago,"Cocoa, beans"
Trinidad and Tobago,"Coffee, green"
Trinidad and Tobago,Maize
Trinidad and Tobago,Oranges
Trinidad and Tobago,"Rice, paddy"
Trinidad and Tobago,Sugar cane
Trinidad and Tobago,Sweet potatoes
Trinidad and Tobago,"Tobacco, unmanufactured"
Trinidad and Tobago,Tomatoes
Trinidad and Tobago,Yams
Tunisia,Apples
Tunisia,Avocados
Tunisia,Barley
Tunisia,"Beans, dry"
Tunisia,Cereals (Rice Milled Eqv)
Tunisia,Grapes
Tunisia,Oranges
Tunisia,"Peas, dry"
Tunisia,Potatoes
Tunisia,Rapeseed
Tunisia,Sugar beet
Tunisia,Sunflower seed
Tunisia,"Tobacco, unmanufactured"
Tunisia,Tomatoes
Tunisia,Wheat
Turkey,Apples
Turkey,Avocados
Turkey,Bananas
Turkey,Barley
Turkey,"Beans, dry"
Turkey,Cereals (Rice Milled Eqv)
Turkey,Grapes
Turkey,Maize
Turkey,Oranges
Turkey,"Peas, dry"
Turkey,Potatoes
Turkey,Rapeseed
Turkey,"Rice, paddy"
Turkey,Rye
Turkey,Sesame seed
Turkey,Soybeans
Turkey,Sugar beet
Turkey,Sunflower seed
Turkey,Tea
Turkey,"Tobacco, unmanufactured"
Turkey,Tomatoes
Turkey,Wheat
Turkmenistan,Apples
Turkmenistan,Barley
Turkmenistan,Cereals (Rice Milled Eqv)
Turkmenistan,Grapes
Turkmenistan,Maize
Turkmenistan,"Peas, dry"
Turkmenistan,Potatoes
Turkmenistan,"Rice, paddy"
Turkmenistan,Rye
Turkmenistan,Sugar beet
Turkmenistan,"Tobacco, unmanufactured"
Turkmenistan,Tomatoes
Turkmenistan,Wheat
Tuvalu,Bananas
Uganda,Bananas
Uganda,"Beans, dry"
Uganda,Cassava
Uganda,Cereals (Rice Milled Eqv)
Uganda,"Cocoa, beans"
Uganda,"Coffee, green"
Uganda,Maize
Uganda,"Peas, dry"
Uganda,Potatoes
Uganda,"Rice, paddy"
Uganda,Sesame seed
Uganda,Soybeans
Uganda,Sugar cane
Uganda,Sunflower seed
Uganda,Sweet potatoes
Uganda,Tea
Uganda,"Tobacco, unmanufactured"
Uganda,Tomatoes
Uganda,Wheat
Ukraine,Apples
Ukraine,Barley
Ukraine,"Beans, dry"
Ukraine,Cereals (Rice Milled Eqv)
Ukraine,Grapes
Ukraine,Maize
Ukraine,"Peas, dry"
Ukraine,Potatoes
Ukraine,Rapeseed
Ukraine,"Rice, paddy"
Ukraine,Rye
Ukraine,Soybeans
Ukraine,Sugar beet
Ukraine,Sunflower seed
Ukraine,"Tobacco, unmanufactured"
Ukraine,Tomatoes
Ukraine,Wheat
United Arab Emirates,Bananas
United Arab Emirates,Barley
United Arab Emirates,Cereals (Rice Milled Eqv)
United Arab Emirates,Grapes
United Arab Emirates,Maize
United Arab Emirates,Potatoes
United Arab Emirates,"Tobacco, unmanufactured"
United Arab Emirates,Tomatoes
United Arab Emirates,Wheat
United Kingdom,Apples
United Kingdom,Barley
United Kingdom,Cereals (Rice Milled Eqv)
United Kingdom,Grapes
United Kingdom,Maize
United Kingdom,"Peas, dry"
United Kingdom,Potatoes
United Kingdom,Rapeseed
United Kingdom,Rye
United Kingdom,Sugar beet
United Kingdom,Tomatoes
United Kingdom,Wheat
United States,Apples
United States,Avocados
United States,Bananas
United States,Barley
United States,"Beans, dry"
United States,Cereals (Rice Milled Eqv)
United States,"Coffee, green"
United States,Grapes
United States,Maize
United States,Oranges
United States,"Peas, dry"
United States,Potatoes
United States,Rapeseed
United States,"Rice, paddy"
United States,Rye
United States,Sesame seed
United States,Soybeans
United States,Sugar beet
United States,Sugar cane
United States,Sunflower seed
United States,Sweet potatoes
United States,"Tobacco, unmanufactured"
United States,Tomatoes
United States,Wheat
Uruguay,Apples
Uruguay,Barley
Uruguay,"Beans, dry"
Uruguay,Cereals (Rice Milled Eqv)
Uruguay,Grapes
Uruguay,Maize
Uruguay,Oranges
Uruguay,"Peas, dry"
Uruguay,Potatoes
Uruguay,Rapeseed
Uruguay,"Rice, paddy"
Uruguay,Soybeans
Uruguay,Sugar beet
Uruguay,Sugar cane
Uruguay,Sunflower seed
Uruguay,Sweet potatoes
Uruguay,"Tobacco, unmanufactured"
Uruguay,Tomatoes
Uruguay,Wheat
Uzbekistan,Apples
Uzbekistan,Barley
Uzbekistan,Cereals (Rice Milled Eqv)
Uzbekistan,Grapes
Uzbekistan,Maize
Uzbekistan,"Peas, dry"
Uzbekistan,Potatoes
Uzbekistan,Rapeseed
Uzbekistan,"Rice, paddy"
Uzbekistan,Rye
Uzbekistan,Sesame seed
Uzbekistan,Soybeans
Uzbekistan,Sugar beet
Uzbekistan,Sunflower seed
Uzbekistan,"Tobacco, unmanufactured"
Uzbekistan,Tomatoes
Uzbekistan,Wheat
Vanuatu,Bananas
Vanuatu,Cereals (Rice Milled Eqv)
Vanuatu,"Cocoa, beans"
Vanuatu,"Coffee, green"
Vanuatu,Maize
Vietnam,Bananas
Vietnam,"Beans, dry"
Vietnam,"Cashew nuts, with shell"
Vietnam,Cassava
Vietnam,Cereals (Rice Milled Eqv)
Vietnam,"Coffee, green"
Vietnam,Grapes
Vietnam,Maize
Vietnam,Oranges
Vietnam,Potatoes
Vietnam,"Rice, paddy"
Vietnam,Sesame seed
Vietnam,Soybeans
Vietnam,Sugar cane
Vietnam,Sweet potatoes
Vietnam,Tea
Vietnam,"Tobacco, unmanufactured"
Visuals.zip,Visuals.zip
Zambia,Bananas
Zambia,Barley
Zambia,Cassava
Zambia,Cereals (Rice Milled Eqv)
Zambia,"Coffee, green"
Zambia,Maize
Zambia,Oranges
Zambia,Potatoes
Zambia,"Rice, paddy"
Zambia,Soybeans
Zambia,Sugar cane
Zambia,Sunflower seed
Zambia,Sweet potatoes
Zambia,Tea
Zambia,"Tobacco, unmanufactured"
Zambia,Tomatoes
Zambia,Wheat
Zimbabwe,Apples
Zimbabwe,Avocados
Zimbabwe,Bananas
Zimbabwe,Barley
Zimbabwe,"Beans, dry"
Zimbabwe,Cassava
Zimbabwe,Cereals (Rice Milled Eqv)
Zimbabwe,"Coffee, green"
Zimbabwe,Grapes
Zimbabwe,Maize
Zimbabwe,Oranges
Zimbabwe,Potatoes
Zimbabwe,"Rice, paddy"
Zimbabwe,Soybeans
Zimbabwe,Sugar cane
Zimbabwe,Sunflower seed
Zimbabwe,Sweet potatoes
Zimbabwe,Tea
Zimbabwe,"Tobacco, unmanufactured"
Zimbabwe,Tomatoes
Zimbabwe,Wheat
